-- phpMyAdmin SQL Dump
-- version 5.2.1
-- https://www.phpmyadmin.net/
--
-- Host: localhost
-- Generation Time: May 03, 2023 at 09:02 PM
-- Server version: 10.4.28-MariaDB
-- PHP Version: 8.2.4

SET SQL_MODE = "NO_AUTO_VALUE_ON_ZERO";
START TRANSACTION;
SET time_zone = "+00:00";


/*!40101 SET @OLD_CHARACTER_SET_CLIENT=@@CHARACTER_SET_CLIENT */;
/*!40101 SET @OLD_CHARACTER_SET_RESULTS=@@CHARACTER_SET_RESULTS */;
/*!40101 SET @OLD_COLLATION_CONNECTION=@@COLLATION_CONNECTION */;
/*!40101 SET NAMES utf8mb4 */;

--
-- Database: `lesson23_11`
--
CREATE DATABASE IF NOT EXISTS `lesson23_11` DEFAULT CHARACTER SET utf8mb4 COLLATE utf8mb4_general_ci;
USE `lesson23_11`;

-- --------------------------------------------------------

--
-- Table structure for table `cart`
--

CREATE TABLE `cart` (
  `id` int(11) NOT NULL,
  `user_id` int(11) NOT NULL DEFAULT 0,
  `good_id` int(11) NOT NULL,
  `count` int(11) NOT NULL DEFAULT 1,
  `order_id` int(11) DEFAULT NULL
) ENGINE=InnoDB DEFAULT CHARSET=utf8mb4 COLLATE=utf8mb4_general_ci;

--
-- Dumping data for table `cart`
--

INSERT INTO `cart` (`id`, `user_id`, `good_id`, `count`, `order_id`) VALUES
(7, 9, 1, 3, NULL),
(8, 0, 2, 1, NULL),
(9, 9, 3, 2, NULL),
(10, 9, 4, 4, NULL);

-- --------------------------------------------------------

--
-- Table structure for table `categories`
--

CREATE TABLE `categories` (
  `category_id` int(11) NOT NULL,
  `title` varchar(255) NOT NULL,
  `parent` int(11) DEFAULT NULL
) ENGINE=InnoDB DEFAULT CHARSET=utf8mb4 COLLATE=utf8mb4_general_ci;

--
-- Dumping data for table `categories`
--

INSERT INTO `categories` (`category_id`, `title`, `parent`) VALUES
(1, 'Бытовая техника', NULL),
(2, 'Ноутбуки и компьютеры', NULL),
(3, 'Смартфоный и гаджеты', NULL),
(4, 'Аудиотехника', NULL),
(5, 'Стиральные и сушильные машины', 1),
(6, 'Пылесосы', 1),
(7, 'Холодильники и морозильные камеры', 8),
(8, 'Техника для кухни', NULL),
(9, 'Элетроплиты', 8);

-- --------------------------------------------------------

--
-- Table structure for table `goods`
--

CREATE TABLE `goods` (
  `good_id` int(11) NOT NULL,
  `title` varchar(50) NOT NULL,
  `price` int(11) NOT NULL,
  `info` text NOT NULL,
  `image` varchar(20) DEFAULT NULL
) ENGINE=InnoDB DEFAULT CHARSET=utf8mb4 COLLATE=utf8mb4_general_ci;

--
-- Dumping data for table `goods`
--

INSERT INTO `goods` (`good_id`, `title`, `price`, `info`, `image`) VALUES
(1, 'Atlant XM 0624-031', 24699, 'В наличии', 'AtlantXM0624-031.jpg'),
(2, 'Candy CCRN 6200W', 28999, 'В наличии', 'CandyCCRN6200W.jpg'),
(3, 'Sven MS-307', 5999, 'Под заказ', 'SvenMS-307.jpg'),
(4, 'Darina 1D 1606 S', 27999, 'В наличии', 'Darina1D1606S.jpg');

-- --------------------------------------------------------

--
-- Table structure for table `good_category_relations`
--

CREATE TABLE `good_category_relations` (
  `good_category_id` int(11) NOT NULL,
  `good_id` int(11) NOT NULL,
  `category_id` int(11) NOT NULL
) ENGINE=InnoDB DEFAULT CHARSET=utf8mb4 COLLATE=utf8mb4_general_ci;

--
-- Dumping data for table `good_category_relations`
--

INSERT INTO `good_category_relations` (`good_category_id`, `good_id`, `category_id`) VALUES
(1, 1, 7),
(2, 2, 7),
(3, 4, 9),
(4, 3, 4);

-- --------------------------------------------------------

--
-- Table structure for table `orders`
--

CREATE TABLE `orders` (
  `order_id` int(11) NOT NULL,
  `date` timestamp NOT NULL DEFAULT current_timestamp(),
  `cart_id` int(11) NOT NULL
) ENGINE=InnoDB DEFAULT CHARSET=utf8mb4 COLLATE=utf8mb4_general_ci;

-- --------------------------------------------------------

--
-- Table structure for table `permition_types`
--

CREATE TABLE `permition_types` (
  `permition_id` int(11) NOT NULL,
  `title` varchar(64) NOT NULL
) ENGINE=InnoDB DEFAULT CHARSET=utf8mb4 COLLATE=utf8mb4_general_ci;

--
-- Dumping data for table `permition_types`
--

INSERT INTO `permition_types` (`permition_id`, `title`) VALUES
(2, 'admin'),
(3, 'client'),
(1, 'guest');

-- --------------------------------------------------------

--
-- Table structure for table `users`
--

CREATE TABLE `users` (
  `id` int(11) NOT NULL,
  `email` varchar(64) NOT NULL,
  `pass` varchar(64) NOT NULL,
  `name` varchar(64) NOT NULL
) ENGINE=InnoDB DEFAULT CHARSET=utf8mb4 COLLATE=utf8mb4_general_ci;

--
-- Dumping data for table `users`
--

INSERT INTO `users` (`id`, `email`, `pass`, `name`) VALUES
(9, 'admin@mail.com', 'admin', 'admin'),
(10, 'guest@mail.com', 'guest', 'guest'),
(11, 'client@mail.com', 'client', 'client');

-- --------------------------------------------------------

--
-- Table structure for table `user_permition_relations`
--

CREATE TABLE `user_permition_relations` (
  `user_permition_relations_id` int(11) NOT NULL,
  `user_id` int(11) NOT NULL,
  `permition_id` int(11) NOT NULL
) ENGINE=InnoDB DEFAULT CHARSET=utf8mb4 COLLATE=utf8mb4_general_ci;

--
-- Dumping data for table `user_permition_relations`
--

INSERT INTO `user_permition_relations` (`user_permition_relations_id`, `user_id`, `permition_id`) VALUES
(1, 9, 2),
(2, 10, 1),
(3, 11, 3);

--
-- Indexes for dumped tables
--

--
-- Indexes for table `cart`
--
ALTER TABLE `cart`
  ADD PRIMARY KEY (`id`);

--
-- Indexes for table `categories`
--
ALTER TABLE `categories`
  ADD PRIMARY KEY (`category_id`),
  ADD KEY `parent` (`parent`);

--
-- Indexes for table `goods`
--
ALTER TABLE `goods`
  ADD PRIMARY KEY (`good_id`);

--
-- Indexes for table `good_category_relations`
--
ALTER TABLE `good_category_relations`
  ADD PRIMARY KEY (`good_category_id`),
  ADD KEY `fk_good_id` (`good_id`),
  ADD KEY `fk_category_id` (`category_id`);

--
-- Indexes for table `orders`
--
ALTER TABLE `orders`
  ADD PRIMARY KEY (`order_id`);

--
-- Indexes for table `permition_types`
--
ALTER TABLE `permition_types`
  ADD PRIMARY KEY (`permition_id`),
  ADD UNIQUE KEY `uk_permition_title` (`title`);

--
-- Indexes for table `users`
--
ALTER TABLE `users`
  ADD PRIMARY KEY (`id`),
  ADD UNIQUE KEY `email` (`email`) USING BTREE;

--
-- Indexes for table `user_permition_relations`
--
ALTER TABLE `user_permition_relations`
  ADD PRIMARY KEY (`user_permition_relations_id`),
  ADD UNIQUE KEY `uk_user_id` (`user_id`);

--
-- AUTO_INCREMENT for dumped tables
--

--
-- AUTO_INCREMENT for table `cart`
--
ALTER TABLE `cart`
  MODIFY `id` int(11) NOT NULL AUTO_INCREMENT, AUTO_INCREMENT=11;

--
-- AUTO_INCREMENT for table `categories`
--
ALTER TABLE `categories`
  MODIFY `category_id` int(11) NOT NULL AUTO_INCREMENT, AUTO_INCREMENT=10;

--
-- AUTO_INCREMENT for table `goods`
--
ALTER TABLE `goods`
  MODIFY `good_id` int(11) NOT NULL AUTO_INCREMENT, AUTO_INCREMENT=5;

--
-- AUTO_INCREMENT for table `good_category_relations`
--
ALTER TABLE `good_category_relations`
  MODIFY `good_category_id` int(11) NOT NULL AUTO_INCREMENT, AUTO_INCREMENT=5;

--
-- AUTO_INCREMENT for table `orders`
--
ALTER TABLE `orders`
  MODIFY `order_id` int(11) NOT NULL AUTO_INCREMENT;

--
-- AUTO_INCREMENT for table `permition_types`
--
ALTER TABLE `permition_types`
  MODIFY `permition_id` int(11) NOT NULL AUTO_INCREMENT, AUTO_INCREMENT=4;

--
-- AUTO_INCREMENT for table `users`
--
ALTER TABLE `users`
  MODIFY `id` int(11) NOT NULL AUTO_INCREMENT, AUTO_INCREMENT=21;

--
-- AUTO_INCREMENT for table `user_permition_relations`
--
ALTER TABLE `user_permition_relations`
  MODIFY `user_permition_relations_id` int(11) NOT NULL AUTO_INCREMENT, AUTO_INCREMENT=9;

--
-- Constraints for dumped tables
--

--
-- Constraints for table `categories`
--
ALTER TABLE `categories`
  ADD CONSTRAINT `categories_ibfk_1` FOREIGN KEY (`parent`) REFERENCES `categories` (`category_id`);

--
-- Constraints for table `good_category_relations`
--
ALTER TABLE `good_category_relations`
  ADD CONSTRAINT `fk_category_id` FOREIGN KEY (`category_id`) REFERENCES `categories` (`category_id`),
  ADD CONSTRAINT `fk_good_id` FOREIGN KEY (`good_id`) REFERENCES `goods` (`good_id`);
--
-- Database: `phpmyadmin`
--
CREATE DATABASE IF NOT EXISTS `phpmyadmin` DEFAULT CHARACTER SET utf8 COLLATE utf8_bin;
USE `phpmyadmin`;

-- --------------------------------------------------------

--
-- Table structure for table `pma__bookmark`
--

CREATE TABLE `pma__bookmark` (
  `id` int(11) NOT NULL,
  `dbase` varchar(255) NOT NULL DEFAULT '',
  `user` varchar(255) NOT NULL DEFAULT '',
  `label` varchar(255) CHARACTER SET utf8 COLLATE utf8_general_ci NOT NULL DEFAULT '',
  `query` text NOT NULL
) ENGINE=InnoDB DEFAULT CHARSET=utf8 COLLATE=utf8_bin COMMENT='Bookmarks';

-- --------------------------------------------------------

--
-- Table structure for table `pma__central_columns`
--

CREATE TABLE `pma__central_columns` (
  `db_name` varchar(64) NOT NULL,
  `col_name` varchar(64) NOT NULL,
  `col_type` varchar(64) NOT NULL,
  `col_length` text DEFAULT NULL,
  `col_collation` varchar(64) NOT NULL,
  `col_isNull` tinyint(1) NOT NULL,
  `col_extra` varchar(255) DEFAULT '',
  `col_default` text DEFAULT NULL
) ENGINE=InnoDB DEFAULT CHARSET=utf8 COLLATE=utf8_bin COMMENT='Central list of columns';

--
-- Dumping data for table `pma__central_columns`
--

INSERT INTO `pma__central_columns` (`db_name`, `col_name`, `col_type`, `col_length`, `col_collation`, `col_isNull`, `col_extra`, `col_default`) VALUES
('lesson23_11', 'category_id', 'int', '11', '', 0, ',', '');

-- --------------------------------------------------------

--
-- Table structure for table `pma__column_info`
--

CREATE TABLE `pma__column_info` (
  `id` int(5) UNSIGNED NOT NULL,
  `db_name` varchar(64) NOT NULL DEFAULT '',
  `table_name` varchar(64) NOT NULL DEFAULT '',
  `column_name` varchar(64) NOT NULL DEFAULT '',
  `comment` varchar(255) CHARACTER SET utf8 COLLATE utf8_general_ci NOT NULL DEFAULT '',
  `mimetype` varchar(255) CHARACTER SET utf8 COLLATE utf8_general_ci NOT NULL DEFAULT '',
  `transformation` varchar(255) NOT NULL DEFAULT '',
  `transformation_options` varchar(255) NOT NULL DEFAULT '',
  `input_transformation` varchar(255) NOT NULL DEFAULT '',
  `input_transformation_options` varchar(255) NOT NULL DEFAULT ''
) ENGINE=InnoDB DEFAULT CHARSET=utf8 COLLATE=utf8_bin COMMENT='Column information for phpMyAdmin';

-- --------------------------------------------------------

--
-- Table structure for table `pma__designer_settings`
--

CREATE TABLE `pma__designer_settings` (
  `username` varchar(64) NOT NULL,
  `settings_data` text NOT NULL
) ENGINE=InnoDB DEFAULT CHARSET=utf8 COLLATE=utf8_bin COMMENT='Settings related to Designer';

-- --------------------------------------------------------

--
-- Table structure for table `pma__export_templates`
--

CREATE TABLE `pma__export_templates` (
  `id` int(5) UNSIGNED NOT NULL,
  `username` varchar(64) NOT NULL,
  `export_type` varchar(10) NOT NULL,
  `template_name` varchar(64) NOT NULL,
  `template_data` text NOT NULL
) ENGINE=InnoDB DEFAULT CHARSET=utf8 COLLATE=utf8_bin COMMENT='Saved export templates';

--
-- Dumping data for table `pma__export_templates`
--

INSERT INTO `pma__export_templates` (`id`, `username`, `export_type`, `template_name`, `template_data`) VALUES
(1, 'root', 'database', 'sql', '{\"quick_or_custom\":\"quick\",\"what\":\"sql\",\"structure_or_data_forced\":\"0\",\"table_select[]\":[\"cart\",\"categories\",\"goods\",\"good_category_relatiions\",\"users\"],\"table_structure[]\":[\"cart\",\"categories\",\"goods\",\"good_category_relatiions\",\"users\"],\"table_data[]\":[\"cart\",\"categories\",\"goods\",\"good_category_relatiions\",\"users\"],\"aliases_new\":\"\",\"output_format\":\"sendit\",\"filename_template\":\"@DATABASE@\",\"remember_template\":\"on\",\"charset\":\"utf-8\",\"compression\":\"none\",\"maxsize\":\"\",\"codegen_structure_or_data\":\"data\",\"codegen_format\":\"0\",\"csv_separator\":\",\",\"csv_enclosed\":\"\\\"\",\"csv_escaped\":\"\\\"\",\"csv_terminated\":\"AUTO\",\"csv_null\":\"NULL\",\"csv_columns\":\"something\",\"csv_structure_or_data\":\"data\",\"excel_null\":\"NULL\",\"excel_columns\":\"something\",\"excel_edition\":\"win\",\"excel_structure_or_data\":\"data\",\"json_structure_or_data\":\"data\",\"json_unicode\":\"something\",\"latex_caption\":\"something\",\"latex_structure_or_data\":\"structure_and_data\",\"latex_structure_caption\":\"Structure of table @TABLE@\",\"latex_structure_continued_caption\":\"Structure of table @TABLE@ (continued)\",\"latex_structure_label\":\"tab:@TABLE@-structure\",\"latex_relation\":\"something\",\"latex_comments\":\"something\",\"latex_mime\":\"something\",\"latex_columns\":\"something\",\"latex_data_caption\":\"Content of table @TABLE@\",\"latex_data_continued_caption\":\"Content of table @TABLE@ (continued)\",\"latex_data_label\":\"tab:@TABLE@-data\",\"latex_null\":\"\\\\textit{NULL}\",\"mediawiki_structure_or_data\":\"structure_and_data\",\"mediawiki_caption\":\"something\",\"mediawiki_headers\":\"something\",\"htmlword_structure_or_data\":\"structure_and_data\",\"htmlword_null\":\"NULL\",\"ods_null\":\"NULL\",\"ods_structure_or_data\":\"data\",\"odt_structure_or_data\":\"structure_and_data\",\"odt_relation\":\"something\",\"odt_comments\":\"something\",\"odt_mime\":\"something\",\"odt_columns\":\"something\",\"odt_null\":\"NULL\",\"pdf_report_title\":\"\",\"pdf_structure_or_data\":\"structure_and_data\",\"phparray_structure_or_data\":\"data\",\"sql_include_comments\":\"something\",\"sql_header_comment\":\"\",\"sql_use_transaction\":\"something\",\"sql_compatibility\":\"NONE\",\"sql_structure_or_data\":\"structure_and_data\",\"sql_create_table\":\"something\",\"sql_auto_increment\":\"something\",\"sql_create_view\":\"something\",\"sql_procedure_function\":\"something\",\"sql_create_trigger\":\"something\",\"sql_backquotes\":\"something\",\"sql_type\":\"INSERT\",\"sql_insert_syntax\":\"both\",\"sql_max_query_size\":\"50000\",\"sql_hex_for_binary\":\"something\",\"sql_utc_time\":\"something\",\"texytext_structure_or_data\":\"structure_and_data\",\"texytext_null\":\"NULL\",\"xml_structure_or_data\":\"data\",\"xml_export_events\":\"something\",\"xml_export_functions\":\"something\",\"xml_export_procedures\":\"something\",\"xml_export_tables\":\"something\",\"xml_export_triggers\":\"something\",\"xml_export_views\":\"something\",\"xml_export_contents\":\"something\",\"yaml_structure_or_data\":\"data\",\"\":null,\"lock_tables\":null,\"as_separate_files\":null,\"csv_removeCRLF\":null,\"excel_removeCRLF\":null,\"json_pretty_print\":null,\"htmlword_columns\":null,\"ods_columns\":null,\"sql_dates\":null,\"sql_relation\":null,\"sql_mime\":null,\"sql_disable_fk\":null,\"sql_views_as_tables\":null,\"sql_metadata\":null,\"sql_create_database\":null,\"sql_drop_table\":null,\"sql_if_not_exists\":null,\"sql_simple_view_export\":null,\"sql_view_current_user\":null,\"sql_or_replace_view\":null,\"sql_truncate\":null,\"sql_delayed\":null,\"sql_ignore\":null,\"texytext_columns\":null}');

-- --------------------------------------------------------

--
-- Table structure for table `pma__favorite`
--

CREATE TABLE `pma__favorite` (
  `username` varchar(64) NOT NULL,
  `tables` text NOT NULL
) ENGINE=InnoDB DEFAULT CHARSET=utf8 COLLATE=utf8_bin COMMENT='Favorite tables';

-- --------------------------------------------------------

--
-- Table structure for table `pma__history`
--

CREATE TABLE `pma__history` (
  `id` bigint(20) UNSIGNED NOT NULL,
  `username` varchar(64) NOT NULL DEFAULT '',
  `db` varchar(64) NOT NULL DEFAULT '',
  `table` varchar(64) NOT NULL DEFAULT '',
  `timevalue` timestamp NOT NULL DEFAULT current_timestamp(),
  `sqlquery` text NOT NULL
) ENGINE=InnoDB DEFAULT CHARSET=utf8 COLLATE=utf8_bin COMMENT='SQL history for phpMyAdmin';

-- --------------------------------------------------------

--
-- Table structure for table `pma__navigationhiding`
--

CREATE TABLE `pma__navigationhiding` (
  `username` varchar(64) NOT NULL,
  `item_name` varchar(64) NOT NULL,
  `item_type` varchar(64) NOT NULL,
  `db_name` varchar(64) NOT NULL,
  `table_name` varchar(64) NOT NULL
) ENGINE=InnoDB DEFAULT CHARSET=utf8 COLLATE=utf8_bin COMMENT='Hidden items of navigation tree';

-- --------------------------------------------------------

--
-- Table structure for table `pma__pdf_pages`
--

CREATE TABLE `pma__pdf_pages` (
  `db_name` varchar(64) NOT NULL DEFAULT '',
  `page_nr` int(10) UNSIGNED NOT NULL,
  `page_descr` varchar(50) CHARACTER SET utf8 COLLATE utf8_general_ci NOT NULL DEFAULT ''
) ENGINE=InnoDB DEFAULT CHARSET=utf8 COLLATE=utf8_bin COMMENT='PDF relation pages for phpMyAdmin';

-- --------------------------------------------------------

--
-- Table structure for table `pma__recent`
--

CREATE TABLE `pma__recent` (
  `username` varchar(64) NOT NULL,
  `tables` text NOT NULL
) ENGINE=InnoDB DEFAULT CHARSET=utf8 COLLATE=utf8_bin COMMENT='Recently accessed tables';

--
-- Dumping data for table `pma__recent`
--

INSERT INTO `pma__recent` (`username`, `tables`) VALUES
('root', '[{\"db\":\"lesson23_11\",\"table\":\"cart\"},{\"db\":\"lesson23_11\",\"table\":\"orders\"},{\"db\":\"lesson23_11\",\"table\":\"user_permition_relations\"},{\"db\":\"lesson23_11\",\"table\":\"users\"},{\"db\":\"lesson23_11\",\"table\":\"good_category_relations\"},{\"db\":\"lesson23_11\",\"table\":\"permition_types\"},{\"db\":\"lesson23_11\",\"table\":\"categories\"},{\"db\":\"lesson23_11\",\"table\":\"good_category_relatiions\"},{\"db\":\"lesson23_11\",\"table\":\"goods\"}]');

-- --------------------------------------------------------

--
-- Table structure for table `pma__relation`
--

CREATE TABLE `pma__relation` (
  `master_db` varchar(64) NOT NULL DEFAULT '',
  `master_table` varchar(64) NOT NULL DEFAULT '',
  `master_field` varchar(64) NOT NULL DEFAULT '',
  `foreign_db` varchar(64) NOT NULL DEFAULT '',
  `foreign_table` varchar(64) NOT NULL DEFAULT '',
  `foreign_field` varchar(64) NOT NULL DEFAULT ''
) ENGINE=InnoDB DEFAULT CHARSET=utf8 COLLATE=utf8_bin COMMENT='Relation table';

--
-- Dumping data for table `pma__relation`
--

INSERT INTO `pma__relation` (`master_db`, `master_table`, `master_field`, `foreign_db`, `foreign_table`, `foreign_field`) VALUES
('lesson23_11', 'categories', 'parent', 'lesson23_11', 'categories', 'category_id'),
('lesson23_11', 'good_category_relations', 'category_id', 'lesson23_11', 'categories', 'category_id'),
('lesson23_11', 'good_category_relations', 'good_id', 'lesson23_11', 'goods', 'good_id');

-- --------------------------------------------------------

--
-- Table structure for table `pma__savedsearches`
--

CREATE TABLE `pma__savedsearches` (
  `id` int(5) UNSIGNED NOT NULL,
  `username` varchar(64) NOT NULL DEFAULT '',
  `db_name` varchar(64) NOT NULL DEFAULT '',
  `search_name` varchar(64) NOT NULL DEFAULT '',
  `search_data` text NOT NULL
) ENGINE=InnoDB DEFAULT CHARSET=utf8 COLLATE=utf8_bin COMMENT='Saved searches';

-- --------------------------------------------------------

--
-- Table structure for table `pma__table_coords`
--

CREATE TABLE `pma__table_coords` (
  `db_name` varchar(64) NOT NULL DEFAULT '',
  `table_name` varchar(64) NOT NULL DEFAULT '',
  `pdf_page_number` int(11) NOT NULL DEFAULT 0,
  `x` float UNSIGNED NOT NULL DEFAULT 0,
  `y` float UNSIGNED NOT NULL DEFAULT 0
) ENGINE=InnoDB DEFAULT CHARSET=utf8 COLLATE=utf8_bin COMMENT='Table coordinates for phpMyAdmin PDF output';

-- --------------------------------------------------------

--
-- Table structure for table `pma__table_info`
--

CREATE TABLE `pma__table_info` (
  `db_name` varchar(64) NOT NULL DEFAULT '',
  `table_name` varchar(64) NOT NULL DEFAULT '',
  `display_field` varchar(64) NOT NULL DEFAULT ''
) ENGINE=InnoDB DEFAULT CHARSET=utf8 COLLATE=utf8_bin COMMENT='Table information for phpMyAdmin';

--
-- Dumping data for table `pma__table_info`
--

INSERT INTO `pma__table_info` (`db_name`, `table_name`, `display_field`) VALUES
('lesson23_11', 'categories', 'title');

-- --------------------------------------------------------

--
-- Table structure for table `pma__table_uiprefs`
--

CREATE TABLE `pma__table_uiprefs` (
  `username` varchar(64) NOT NULL,
  `db_name` varchar(64) NOT NULL,
  `table_name` varchar(64) NOT NULL,
  `prefs` text NOT NULL,
  `last_update` timestamp NOT NULL DEFAULT current_timestamp() ON UPDATE current_timestamp()
) ENGINE=InnoDB DEFAULT CHARSET=utf8 COLLATE=utf8_bin COMMENT='Tables'' UI preferences';

--
-- Dumping data for table `pma__table_uiprefs`
--

INSERT INTO `pma__table_uiprefs` (`username`, `db_name`, `table_name`, `prefs`, `last_update`) VALUES
('root', 'lesson23_11', 'permition_types', '{\"sorted_col\":\"`permition_types`.`permition_id` ASC\"}', '2023-05-02 02:41:36'),
('root', 'lesson23_11', 'users', '[]', '2023-05-01 18:46:39');

-- --------------------------------------------------------

--
-- Table structure for table `pma__tracking`
--

CREATE TABLE `pma__tracking` (
  `db_name` varchar(64) NOT NULL,
  `table_name` varchar(64) NOT NULL,
  `version` int(10) UNSIGNED NOT NULL,
  `date_created` datetime NOT NULL,
  `date_updated` datetime NOT NULL,
  `schema_snapshot` text NOT NULL,
  `schema_sql` text DEFAULT NULL,
  `data_sql` longtext DEFAULT NULL,
  `tracking` set('UPDATE','REPLACE','INSERT','DELETE','TRUNCATE','CREATE DATABASE','ALTER DATABASE','DROP DATABASE','CREATE TABLE','ALTER TABLE','RENAME TABLE','DROP TABLE','CREATE INDEX','DROP INDEX','CREATE VIEW','ALTER VIEW','DROP VIEW') DEFAULT NULL,
  `tracking_active` int(1) UNSIGNED NOT NULL DEFAULT 1
) ENGINE=InnoDB DEFAULT CHARSET=utf8 COLLATE=utf8_bin COMMENT='Database changes tracking for phpMyAdmin';

-- --------------------------------------------------------

--
-- Table structure for table `pma__userconfig`
--

CREATE TABLE `pma__userconfig` (
  `username` varchar(64) NOT NULL,
  `timevalue` timestamp NOT NULL DEFAULT current_timestamp() ON UPDATE current_timestamp(),
  `config_data` text NOT NULL
) ENGINE=InnoDB DEFAULT CHARSET=utf8 COLLATE=utf8_bin COMMENT='User preferences storage for phpMyAdmin';

--
-- Dumping data for table `pma__userconfig`
--

INSERT INTO `pma__userconfig` (`username`, `timevalue`, `config_data`) VALUES
('root', '2023-05-03 15:45:16', '{\"Console\\/Mode\":\"collapse\"}');

-- --------------------------------------------------------

--
-- Table structure for table `pma__usergroups`
--

CREATE TABLE `pma__usergroups` (
  `usergroup` varchar(64) NOT NULL,
  `tab` varchar(64) NOT NULL,
  `allowed` enum('Y','N') NOT NULL DEFAULT 'N'
) ENGINE=InnoDB DEFAULT CHARSET=utf8 COLLATE=utf8_bin COMMENT='User groups with configured menu items';

-- --------------------------------------------------------

--
-- Table structure for table `pma__users`
--

CREATE TABLE `pma__users` (
  `username` varchar(64) NOT NULL,
  `usergroup` varchar(64) NOT NULL
) ENGINE=InnoDB DEFAULT CHARSET=utf8 COLLATE=utf8_bin COMMENT='Users and their assignments to user groups';

--
-- Indexes for dumped tables
--

--
-- Indexes for table `pma__bookmark`
--
ALTER TABLE `pma__bookmark`
  ADD PRIMARY KEY (`id`);

--
-- Indexes for table `pma__central_columns`
--
ALTER TABLE `pma__central_columns`
  ADD PRIMARY KEY (`db_name`,`col_name`);

--
-- Indexes for table `pma__column_info`
--
ALTER TABLE `pma__column_info`
  ADD PRIMARY KEY (`id`),
  ADD UNIQUE KEY `db_name` (`db_name`,`table_name`,`column_name`);

--
-- Indexes for table `pma__designer_settings`
--
ALTER TABLE `pma__designer_settings`
  ADD PRIMARY KEY (`username`);

--
-- Indexes for table `pma__export_templates`
--
ALTER TABLE `pma__export_templates`
  ADD PRIMARY KEY (`id`),
  ADD UNIQUE KEY `u_user_type_template` (`username`,`export_type`,`template_name`);

--
-- Indexes for table `pma__favorite`
--
ALTER TABLE `pma__favorite`
  ADD PRIMARY KEY (`username`);

--
-- Indexes for table `pma__history`
--
ALTER TABLE `pma__history`
  ADD PRIMARY KEY (`id`),
  ADD KEY `username` (`username`,`db`,`table`,`timevalue`);

--
-- Indexes for table `pma__navigationhiding`
--
ALTER TABLE `pma__navigationhiding`
  ADD PRIMARY KEY (`username`,`item_name`,`item_type`,`db_name`,`table_name`);

--
-- Indexes for table `pma__pdf_pages`
--
ALTER TABLE `pma__pdf_pages`
  ADD PRIMARY KEY (`page_nr`),
  ADD KEY `db_name` (`db_name`);

--
-- Indexes for table `pma__recent`
--
ALTER TABLE `pma__recent`
  ADD PRIMARY KEY (`username`);

--
-- Indexes for table `pma__relation`
--
ALTER TABLE `pma__relation`
  ADD PRIMARY KEY (`master_db`,`master_table`,`master_field`),
  ADD KEY `foreign_field` (`foreign_db`,`foreign_table`);

--
-- Indexes for table `pma__savedsearches`
--
ALTER TABLE `pma__savedsearches`
  ADD PRIMARY KEY (`id`),
  ADD UNIQUE KEY `u_savedsearches_username_dbname` (`username`,`db_name`,`search_name`);

--
-- Indexes for table `pma__table_coords`
--
ALTER TABLE `pma__table_coords`
  ADD PRIMARY KEY (`db_name`,`table_name`,`pdf_page_number`);

--
-- Indexes for table `pma__table_info`
--
ALTER TABLE `pma__table_info`
  ADD PRIMARY KEY (`db_name`,`table_name`);

--
-- Indexes for table `pma__table_uiprefs`
--
ALTER TABLE `pma__table_uiprefs`
  ADD PRIMARY KEY (`username`,`db_name`,`table_name`);

--
-- Indexes for table `pma__tracking`
--
ALTER TABLE `pma__tracking`
  ADD PRIMARY KEY (`db_name`,`table_name`,`version`);

--
-- Indexes for table `pma__userconfig`
--
ALTER TABLE `pma__userconfig`
  ADD PRIMARY KEY (`username`);

--
-- Indexes for table `pma__usergroups`
--
ALTER TABLE `pma__usergroups`
  ADD PRIMARY KEY (`usergroup`,`tab`,`allowed`);

--
-- Indexes for table `pma__users`
--
ALTER TABLE `pma__users`
  ADD PRIMARY KEY (`username`,`usergroup`);

--
-- AUTO_INCREMENT for dumped tables
--

--
-- AUTO_INCREMENT for table `pma__bookmark`
--
ALTER TABLE `pma__bookmark`
  MODIFY `id` int(11) NOT NULL AUTO_INCREMENT;

--
-- AUTO_INCREMENT for table `pma__column_info`
--
ALTER TABLE `pma__column_info`
  MODIFY `id` int(5) UNSIGNED NOT NULL AUTO_INCREMENT;

--
-- AUTO_INCREMENT for table `pma__export_templates`
--
ALTER TABLE `pma__export_templates`
  MODIFY `id` int(5) UNSIGNED NOT NULL AUTO_INCREMENT, AUTO_INCREMENT=2;

--
-- AUTO_INCREMENT for table `pma__history`
--
ALTER TABLE `pma__history`
  MODIFY `id` bigint(20) UNSIGNED NOT NULL AUTO_INCREMENT;

--
-- AUTO_INCREMENT for table `pma__pdf_pages`
--
ALTER TABLE `pma__pdf_pages`
  MODIFY `page_nr` int(10) UNSIGNED NOT NULL AUTO_INCREMENT;

--
-- AUTO_INCREMENT for table `pma__savedsearches`
--
ALTER TABLE `pma__savedsearches`
  MODIFY `id` int(5) UNSIGNED NOT NULL AUTO_INCREMENT;
--
-- Database: `test`
--
CREATE DATABASE IF NOT EXISTS `test` DEFAULT CHARACTER SET utf8mb4 COLLATE utf8mb4_general_ci;
USE `test`;
COMMIT;

/*!40101 SET CHARACTER_SET_CLIENT=@OLD_CHARACTER_SET_CLIENT */;
/*!40101 SET CHARACTER_SET_RESULTS=@OLD_CHARACTER_SET_RESULTS */;
/*!40101 SET COLLATION_CONNECTION=@OLD_COLLATION_CONNECTION */;
